{"train": [98343.75693999641, 75047.7128959048, 80401.8017952733, 71746.50864984895, 72695.75434792045, 76077.33001720154, 70719.57030634972, 77539.76228047641, 100369.08924170767, 74565.11571909062, 70048.04499774904, 70897.80653670403, 77537.06423992442, 72328.98372335047, 72917.29845849946, 76011.12128939465, 76727.0164700592, 73999.84104269018, 78947.61806142863, 69519.8119517056, 72913.35843973301, 97846.1183819657, 91469.7523245747, 72808.4716251364, 80648.38048654165, 77434.91235157619], "val": [99634.67439973222, 77747.59558841058, 83711.34792677406, 75572.73020582489, 75700.79897044027, 78440.43188315646, 73889.29951635888, 80847.34911194953, 105735.35767520829, 78195.25760733798, 74127.4053367478, 74421.12144983509, 79701.84956332631, 78000.5424923879, 75559.18138548007, 79515.27872601626, 79504.50248785698, 79148.44284709859, 81660.47930906095, 72954.88022006622, 75984.23699102274, 101080.08445100232, 94651.59376291893, 75710.61131274751, 83600.649330375, 80875.87103603245]}