{"train": [207411.0550735602, 190938.88290987047, 141767.96033373504], "val": [231480.46184293422, 216596.33747716015, 168811.45087733562]}