{"epoch": [0, 19, 39, 59, 79, 99, 119, 139, 159, 179, 199, 219, 239, 259, 279], "train": [207687.17258033997, 168088.92108790815, 154024.3776921419, 127778.84501531797, 124739.1388589639, 117365.08179873196, 110714.54350661987, 107824.96962728011, 98097.33884855662, 94849.10824716763, 89467.36302863635, 85481.44479603157, 79404.08092787571, 76107.08036280656, 72533.05995360887], "val": [231326.04512641215, 200549.9697364807, 183474.98353535045, 167340.86361975237, 172692.76998741843, 175190.91017074586, 170208.1292241183, 183963.11721756673, 174602.62279930114, 185800.94087326742, 188768.72101246225, 189062.0297050476, 184757.78239628184, 186867.4408687938, 186156.4007676558]}