{"train": [209818.27865127745, 201397.85450356556], "val": [192417.8592592018, 185470.3323469705]}