{"0": [{"formula": "Rb9Fe2S7", "target": [0.0, 0.0, 611.4030151367188, 3931.469970703125, 7944.8349609375, 7630.3232421875, 30167.859375, 42968.83984375, 66564.1875, 73986.75, 123877.1015625, 142524.203125, 231098.65625, 276727.6875, 241948.25, 235871.40625, 314129.84375, 432939.09375, 440519.15625, 500843.0, 506854.25, 534252.625, 573960.9375, 638590.8125, 680946.0, 732812.3125, 718891.75, 731451.375, 728351.625, 760630.0, 766125.0, 791966.0, 804608.875, 810652.375, 847667.0, 835574.8125, 821750.25, 797489.8125, 799191.875, 772998.0], "pred": [1216.7164061249173, 1885.8145465471985, 7700.609558899769, 7355.759676737102, 19673.291220400843, 40243.74796999481, 43317.170727286946, 96836.25340995283, 80198.4935478535, 136381.8765523321, 110389.28917971837, 188698.30570669618, 365865.1930023013, 318634.22719795455, 273042.3445579851, 322655.4178560195, 340225.34969433176, 387520.5758132473, 432280.19831372733, 359289.1386173563, 538597.2509768475, 412770.3428695027, 515468.084493513, 619940.2792475428, 573903.1274107796, 652172.1787237367, 729930.6626336173, 798122.5928811633, 803677.9128568438, 695972.0923772693, 735369.8765687784, 868129.1724401175, 882088.9381983809, 826738.8146038787, 986428.6185892962, 1004775.7783041899, 914209.1350741364, 882212.0512564246, 907860.3081945642, 1069844.6559512343]}, {"formula": "S3N", "target": [0.0, 0.0, 0.0, 0.0, 0.0, 0.0, 55627.83984375, 192683.546875, 55061.05859375, 62402.38671875, 180208.390625, 174411.671875, 158565.5625, 203820.890625, 358971.1875, 449723.5, 394128.5625, 397718.5625, 525383.625, 510114.375, 501899.875, 473851.0, 610095.375, 797804.9375, 852163.4375, 740260.6875, 800826.4375, 829974.5625, 804579.5, 797203.5625, 925073.875, 995631.375, 986864.5, 861602.9375, 916710.375, 1019210.0, 976016.375, 1106216.625, 1385821.375, 1322405.0], "pred": [835.9587973675705, 2041.1991617902465, 4967.586223586949, 4551.97332187349, 19815.276790973392, 33092.864871540434, 39778.28203783547, 80194.83239526341, 80707.83414120539, 136577.88819013213, 134178.84043339305, 166298.60852490866, 320263.45022044424, 298632.9688575752, 284820.8423537633, 347191.3724435323, 363335.97605482035, 384053.7281850473, 407969.6166959492, 451469.61808594485, 539090.684364333, 479815.7509702661, 548471.1187072693, 607495.3178288984, 595334.835935774, 681691.6966884901, 683188.6434092409, 781442.453650818, 746795.9801068787, 746359.1371679726, 779908.32724682, 834902.7334628997, 891238.2416896328, 871270.6017787148, 918078.0007283298, 979708.9177991089, 945673.7739601113, 947753.3270289563, 980387.0591843263, 1067189.9311551845]}, {"formula": "Mo2Cl8O", "target": [0.0, 0.0, 0.0, 3060.40380859375, 8278.537109375, 12251.0439453125, 24006.259765625, 47445.9765625, 90702.1953125, 136560.875, 162671.78125, 216753.375, 295616.09375, 323886.0, 299974.125, 328638.5, 375852.5, 427177.875, 426569.3125, 427965.625, 396120.0625, 473669.375, 603265.75, 709518.0, 865535.5, 896963.6875, 790773.0625, 668439.875, 578029.6875, 440539.375, 361422.1875, 338956.0, 339845.46875, 313583.4375, 369710.15625, 441716.625, 502154.5625, 544317.875, 597961.8125, 671379.5], "pred": [732.3030315112028, 1689.9741385132684, 6130.845514550465, 5028.247629469091, 17815.83114253747, 37622.55248607892, 44739.15979505333, 82952.10258438176, 87660.95068679003, 130123.50837171284, 148128.7006466468, 179354.14051222708, 302200.3087373819, 304697.4085106568, 308181.4976501284, 345848.58915182925, 368413.57682406524, 387877.93881765334, 423182.85599884397, 467996.99523393664, 524732.2378226662, 505702.48129349086, 578067.3377034375, 622319.2757217697, 591841.6959359685, 698485.319502177, 654108.0014489626, 769149.7205267221, 728906.2026530061, 748722.9269154377, 798192.3064357484, 839933.433058315, 922698.6678990934, 866127.611824719, 935157.9694256069, 987904.7241659317, 933234.0921156411, 941357.1701224005, 984699.1634611045, 1067306.621972923]}, {"formula": "Al2HgO4", "target": [0.0, 0.0, 0.0, 0.0, 0.0, 15719.587890625, 49381.89453125, 77409.953125, 98405.9765625, 118514.625, 134515.6875, 153086.25, 173150.0, 191696.125, 214292.0, 223669.0, 257992.25, 383342.75, 684294.3125, 849368.5, 338089.4375, 178606.125, 179109.375, 165144.0, 222665.125, 299543.625, 266732.0625, 252657.75, 273674.8125, 402045.75, 522040.8125, 531467.0, 518703.125, 554081.25, 639617.3125, 902096.75, 1025878.75, 1040220.0, 1121016.25, 1137000.0], "pred": [858.3056620585669, 1478.4919240315285, 5407.42733928629, 3925.026132799719, 17787.58792883007, 37278.0266804846, 42544.16334018529, 75741.64456498691, 83319.68887681745, 130796.20856109544, 145726.51944084646, 177059.44285672053, 310640.0489426456, 275775.8508896975, 301717.1559298416, 350406.3930821329, 366229.7827479987, 375328.26510808617, 415602.4654856019, 469243.1636066665, 550984.4475423591, 491496.9792970983, 561947.023837829, 609583.614175419, 586572.2691044903, 665509.3161233847, 683972.3648368529, 759992.3822800324, 728275.8237935681, 736351.9640905187, 782403.8318974342, 829642.725505556, 886680.4964222617, 830990.1120267477, 914800.916855299, 972932.4446931678, 936925.7632723529, 916805.9220226333, 995806.6270385797, 1042334.2600775759]}], "4": [{"formula": "AlS2(NCl2)2", "target": [0.0, 0.0, 0.0, 0.0, 38511.8046875, 116565.3984375, 85483.28125, 114442.3984375, 109277.3984375, 64196.71875, 25212.0390625, 39740.0859375, 106442.25, 138720.25, 277189.34375, 381967.6875, 251537.796875, 130122.1015625, 111971.2265625, 107884.875, 73083.390625, 69033.1328125, 124427.109375, 251664.453125, 240583.4375, 214539.859375, 227364.46875, 255787.75, 312715.0625, 512916.9375, 1045600.75, 1128138.0, 880542.6875, 851421.5, 955879.6875, 888022.75, 817223.125, 904752.5625, 999543.1875, 1066085.0], "pred": [715.7841146450733, 2596.8434483528126, 2994.037168795914, 5313.390212872514, 20041.24425764557, 35183.76075584092, 48755.684755500115, 67215.90188638595, 92971.268053493, 113301.65683319875, 146761.5584623418, 148551.09032745546, 293871.94833508524, 255123.15749979665, 301996.1672940915, 354038.51574245497, 349039.62011451024, 381473.4692711694, 417595.7830909845, 436661.94415451365, 539484.4302449593, 490123.03316627827, 544592.9238849757, 565889.442369673, 595086.2295910115, 626724.9278814371, 668832.9528818588, 729329.120245673, 776790.3280674653, 771503.0788617927, 819447.5997398277, 851665.3300377112, 878859.6310256277, 885621.2690674533, 868479.4007215624, 940580.2894560494, 962616.3342606062, 924944.4215415017, 1000089.1234222638, 1017583.8458346707]}, {"formula": "Al2HgO4", "target": [0.0, 0.0, 0.0, 0.0, 0.0, 15719.587890625, 49381.89453125, 77409.953125, 98405.9765625, 118514.625, 134515.6875, 153086.25, 173150.0, 191696.125, 214292.0, 223669.0, 257992.25, 383342.75, 684294.3125, 849368.5, 338089.4375, 178606.125, 179109.375, 165144.0, 222665.125, 299543.625, 266732.0625, 252657.75, 273674.8125, 402045.75, 522040.8125, 531467.0, 518703.125, 554081.25, 639617.3125, 902096.75, 1025878.75, 1040220.0, 1121016.25, 1137000.0], "pred": [866.5316644497407, 1835.8000512944636, 3413.127758485236, 6243.817697905783, 18802.445540482822, 38699.079991491075, 49383.09231055, 65365.948898733666, 91618.17630379762, 106216.64500827553, 144614.8871825782, 145414.87424861302, 299946.04828334803, 236716.33495855593, 297075.5043034301, 344355.29144246096, 379609.1332288968, 384987.8069005391, 431231.48901465436, 449919.16303845926, 518936.318901925, 517044.73756278504, 553407.7826536865, 598332.5115080659, 596915.7824418948, 671468.9685305402, 689757.3563855358, 736930.3758241063, 760011.4483734244, 778894.4267055779, 848400.8983979388, 836979.4569100518, 862505.4798610065, 917831.7267932158, 906234.1307085495, 988559.0537188235, 979447.6524448039, 969433.5207666318, 1014513.2790761131, 1050385.4878645136]}, {"formula": "MoS2N2Cl5",